{
  "eula": "",
  "vendor": "LEE.SUDONG",
  "license": "",
  "id": "com.sap.sac.exercise.lsd.linkedanalysis",
  "version": "1.0.0",
  "name": "Exercise 9 - Linked Analysis",
  "icon": "",
  "newInstancePrefix": "LinkedAnalysis",
  "description": "Custom Widget Exercise 9 - Linked Analysis",
  "webcomponents": [
    {
      "kind": "main",
      "tag": "com-sap-sac-exercise-lsd-linkedanalysis",
      "url": "https://mlambdasoo.github.io/VSWorkspace/2_SAC_CustomWidget/Sudong/Exercise/9_LinkedAnalysis/LinkedAnalysis.js",
      "integrity": "",
      "ignoreIntegrity": true
    }
  ],
  "properties": {
    "width": {
      "type": "integer",
      "default": 600
    },
    "height": {
      "type": "integer",
      "default": 420
    }
  },
  "supportsLinkedAnalysisFilterOnSelection": true,
  "methods": {
    "getSelectedKey": {
      "description": "Get Selected Key (If hierarchy is set, only leaf nodes are retrieved",
      "returnType": "string[]"
    },
    "getSelectedText": {
      "description": "Get Selected Text (If hierarchy is set, only leaf nodes are retrieved",
      "returnType": "string[]"
    },
    "getICHeight": {
      "description": "Get Input Control Height",
      "returnType": "integer"
    },
    "getDataSource": {
      "parameters": [],
      "body": "return this.dataBindings.getDataBinding('dataBinding').getDataSource();",
      "returnType": "DataSource"
    }
  },
  "events": {
    "treeExpanded": {
      "description": "Called when the list is expaned"
    },
    "treeCollapsed": {
      "description": "Called when the list is collapsed."
    }
  },
  "dataBindings": {
    "dataBinding": {
      "feeds": [
        {
          "id": "dimensions",
          "description": "Dimensions",
          "type": "dimension"
        },
        {
          "id": "measures",
          "description": "Measures",
          "type": "mainStructureMember"
        }
      ]
    }
  }
}
